{
    "name": "root",
    "gauges": {
        "SearchTarget.Policy.Entropy.mean": {
            "value": 1.3768048286437988,
            "min": 1.3768048286437988,
            "max": 1.417553424835205,
            "count": 10
        },
        "SearchTarget.Environment.LessonNumber.stage_number.mean": {
            "value": 3.0,
            "min": 0.0,
            "max": 3.0,
            "count": 10
        },
        "SearchTarget.Environment.EpisodeLength.mean": {
            "value": 108.0021978021978,
            "min": 67.22888283378747,
            "max": 110.82062780269058,
            "count": 10
        },
        "SearchTarget.Policy.ExtrinsicValueEstimate.mean": {
            "value": 0.31786078214645386,
            "min": 0.15465007722377777,
            "max": 0.6201748847961426,
            "count": 10
        },
        "SearchTarget.Environment.CumulativeReward.mean": {
            "value": 0.5307017543859649,
            "min": 0.46860986547085204,
            "max": 0.9220246238030095,
            "count": 10
        },
        "SearchTarget.Policy.ExtrinsicReward.mean": {
            "value": 0.5307017543859649,
            "min": 0.46860986547085204,
            "max": 0.9220246238030095,
            "count": 10
        },
        "SearchTarget.Losses.PolicyLoss.mean": {
            "value": 0.024046020823298025,
            "min": 0.022328910651849585,
            "max": 0.026821583513325697,
            "count": 10
        },
        "SearchTarget.Losses.ValueLoss.mean": {
            "value": 0.013458525439103444,
            "min": 0.010854814799192052,
            "max": 0.02536754659687479,
            "count": 10
        },
        "SearchTarget.Policy.LearningRate.mean": {
            "value": 1.6510174496640007e-05,
            "min": 1.6510174496640007e-05,
            "max": 0.00028457295514235,
            "count": 10
        },
        "SearchTarget.Policy.Epsilon.mean": {
            "value": 0.10550336000000002,
            "min": 0.10550336000000002,
            "max": 0.19485765,
            "count": 10
        },
        "SearchTarget.Policy.Beta.mean": {
            "value": 0.00028461766400000014,
            "min": 0.00028461766400000014,
            "max": 0.0047433967350000005,
            "count": 10
        },
        "SearchTarget.IsTraining.mean": {
            "value": 1.0,
            "min": 1.0,
            "max": 1.0,
            "count": 10
        }
    },
    "metadata": {
        "timer_format_version": "0.1.0",
        "start_time_seconds": "1612590417",
        "python_version": "3.8.5 (default, Sep  3 2020, 21:29:08) [MSC v.1916 64 bit (AMD64)]",
        "command_line_arguments": "C:\\Users\\aaa\\anaconda3\\Scripts\\mlagents-learn saitseekobj.yaml --run-id=CurriculumLearning-1 --force",
        "mlagents_version": "0.23.0",
        "mlagents_envs_version": "0.23.0",
        "communication_protocol_version": "1.3.0",
        "pytorch_version": "1.7.0+cu110",
        "numpy_version": "1.18.5",
        "end_time_seconds": "1612591856"
    },
    "total": 1439.1157520999998,
    "count": 1,
    "self": 0.010275199999796314,
    "children": {
        "run_training.setup": {
            "total": 0.006065700000000174,
            "count": 1,
            "self": 0.006065700000000174
        },
        "TrainerController.start_learning": {
            "total": 1439.0994112,
            "count": 1,
            "self": 3.493431899999905,
            "children": {
                "TrainerController._reset_env": {
                    "total": 10.1899007,
                    "count": 1,
                    "self": 10.1899007
                },
                "TrainerController.advance": {
                    "total": 1425.3673652000002,
                    "count": 61038,
                    "self": 1.1710900000427955,
                    "children": {
                        "env_step": {
                            "total": 1424.1962751999574,
                            "count": 61038,
                            "self": 1331.8171416999458,
                            "children": {
                                "SubprocessEnvManager._take_step": {
                                    "total": 91.63167029999764,
                                    "count": 61038,
                                    "self": 2.8685256999954447,
                                    "children": {
                                        "TorchPolicy.evaluate": {
                                            "total": 88.76314460000219,
                                            "count": 55746,
                                            "self": 38.77812110004368,
                                            "children": {
                                                "TorchPolicy.sample_actions": {
                                                    "total": 49.985023499958515,
                                                    "count": 55746,
                                                    "self": 49.985023499958515
                                                }
                                            }
                                        }
                                    }
                                },
                                "workers": {
                                    "total": 0.747463200013982,
                                    "count": 61038,
                                    "self": 0.0,
                                    "children": {
                                        "worker_root": {
                                            "total": 1428.365823999981,
                                            "count": 61038,
                                            "is_parallel": true,
                                            "self": 175.94108129999063,
                                            "children": {
                                                "steps_from_proto": {
                                                    "total": 0.001048000000000826,
                                                    "count": 1,
                                                    "is_parallel": true,
                                                    "self": 9.770000000131063e-05,
                                                    "children": {
                                                        "_process_vector_observation": {
                                                            "total": 0.0009502999999995154,
                                                            "count": 4,
                                                            "is_parallel": true,
                                                            "self": 0.0009502999999995154
                                                        }
                                                    }
                                                },
                                                "UnityEnvironment.step": {
                                                    "total": 1252.4236946999904,
                                                    "count": 61038,
                                                    "is_parallel": true,
                                                    "self": 4.574693999999454,
                                                    "children": {
                                                        "UnityEnvironment._generate_step_input": {
                                                            "total": 23.66944029999257,
                                                            "count": 61038,
                                                            "is_parallel": true,