{"cameraMode":{"drawMode":0,"name":"Shaded","section":"Shading Mode"},"sceneLighting":false,"audioPlay":false,"sceneViewState":{"showFog":true,"showMaterialUpdate":false,"showSkybox":false,"showFlares":true,"showImageEffects":true,"showParticleSystems":true},"in2DMode":false,"pivot":{"x":-0.23245200514793397,"y":0.5013551712036133,"z":0.6343250274658203},"rotation":{"x":-0.0011782259680330754,"y":0.8996571898460388,"z":-0.4365939795970917,"w":-0.002428199164569378},"size":5.140894889831543,"orthographic":false}