{"cameraMode":{"drawMode":0,"name":"Shaded","section":"Shading Mode"},"sceneLighting":false,"audioPlay":false,"sceneViewState":{"showFog":true,"showMaterialUpdate":false,"showSkybox":false,"showFlares":true,"showImageEffects":true,"showParticleSystems":true},"in2DMode":false,"pivot":{"x":-0.9214066863059998,"y":-1.616119384765625,"z":-0.07009363174438477},"rotation":{"x":-0.0011782259680330754,"y":0.8996571898460388,"z":-0.4365939795970917,"w":-0.002428199164569378},"size":6.7141432762146,"orthographic":false}