{"cameraMode":{"drawMode":0,"name":"Shaded","section":"Shading Mode"},"sceneLighting":false,"audioPlay":false,"sceneViewState":{"showFog":true,"showMaterialUpdate":false,"showSkybox":false,"showFlares":true,"showImageEffects":true,"showParticleSystems":true},"in2DMode":false,"pivot":{"x":0.26311540603637698,"y":-6.958958625793457,"z":-4.8498687744140629},"rotation":{"x":0.0012559248134493828,"y":0.9247871041297913,"z":-0.3804730772972107,"w":0.0030527166090905668},"size":14.033344268798829,"orthographic":false}