{
    "name": "root",
    "gauges": {
        "SearchTarget.Policy.Entropy.mean": {
            "value": 1.3340528011322021,
            "min": 1.3340528011322021,
            "max": 1.3530579805374146,
            "count": 10
        },
        "SearchTarget.Environment.EpisodeLength.mean": {
            "value": 40.40562913907285,
            "min": 40.40562913907285,
            "max": 52.97402597402598,
            "count": 10
        },
        "SearchTarget.Policy.ExtrinsicValueEstimate.mean": {
            "value": 0.7945854067802429,
            "min": 0.7512115240097046,
            "max": 0.7945854067802429,
            "count": 10
        },
        "SearchTarget.Environment.CumulativeReward.mean": {
            "value": 0.9850993377483444,
            "min": 0.9675324675324676,
            "max": 0.9897348160821214,
            "count": 10
        },
        "SearchTarget.Policy.ExtrinsicReward.mean": {
            "value": 0.9850993377483444,
            "min": 0.9675324675324676,
            "max": 0.9897348160821214,
            "count": 10
        },
        "SearchTarget.Losses.PolicyLoss.mean": {
            "value": 0.02345273980075338,
            "min": 0.020669649760117557,
            "max": 0.024470711612150354,
            "count": 10
        },
        "SearchTarget.Losses.ValueLoss.mean": {
            "value": 0.006251792755598823,
            "min": 0.005579670499234151,
            "max": 0.008474152212341626,
            "count": 10
        },
        "SearchTarget.Policy.LearningRate.mean": {
            "value": 1.6580254473279997e-05,
            "min": 1.6580254473279997e-05,
            "max": 0.00028461750512749997,
            "count": 10
        },
        "SearchTarget.Policy.Epsilon.mean": {
            "value": 0.10552672,
            "min": 0.10552672,
            "max": 0.1948725,
            "count": 10
        },
        "SearchTarget.Policy.Beta.mean": {
            "value": 0.000285783328,
            "min": 0.000285783328,
            "max": 0.004744137749999999,
            "count": 10
        },
        "SearchTarget.IsTraining.mean": {
            "value": 1.0,
            "min": 1.0,
            "max": 1.0,
            "count": 10
        }
    },
    "metadata": {
        "timer_format_version": "0.1.0",
        "start_time_seconds": "1612587996",
        "python_version": "3.8.5 (default, Sep  3 2020, 21:29:08) [MSC v.1916 64 bit (AMD64)]",
        "command_line_arguments": "C:\\Users\\aaa\\anaconda3\\Scripts\\mlagents-learn --run-id=SaitSeekObj-3 --initialize-from=SaitSeekObj-2",
        "mlagents_version": "0.23.0",
        "mlagents_envs_version": "0.23.0",
        "communication_protocol_version": "1.3.0",
        "pytorch_version": "1.7.0+cu110",
        "numpy_version": "1.18.5",
        "end_time_seconds": "1612589108"
    },
    "total": 1112.6160984,
    "count": 1,
    "self": 0.004795999999942069,
    "children": {
        "run_training.setup": {
            "total": 0.006403099999999995,
            "count": 1,
            "self": 0.006403099999999995
        },
        "TrainerController.start_learning": {
            "total": 1112.6048993000002,
            "count": 1,
            "self": 1.0801468999861754,
            "children": {
                "TrainerController._reset_env": {
                    "total": 10.8849131,
                    "count": 1,
                    "self": 10.8849131
                },
                "TrainerController.advance": {
                    "total": 1100.5902453000142,
                    "count": 65613,
                    "self": 0.5508486000094308,
                    "children": {
                        "env_step": {
                            "total": 1100.0393967000048,
                            "count": 65613,
                            "self": 1015.7537819000007,
                            "children": {
                                "SubprocessEnvManager._take_step": {
                                    "total": 83.60901149999842,
                                    "count": 65613,
                                    "self": 2.5571583999854965,
                                    "children": {
                                        "TorchPolicy.evaluate": {
                                            "total": 81.05185310001292,
                                            "count": 55581,
                                            "self": 31.673257400025435,
                                            "children": {
                                                "TorchPolicy.sample_actions": {
                                                    "total": 49.378595699987486,
                                                    "count": 55581,
                                                    "self": 49.378595699987486
                                                }
                                            }
                                        }
                                    }
                                },
                                "workers": {
                                    "total": 0.6766033000056701,
                                    "count": 65613,
                                    "self": 0.0,
                                    "children": {
                                        "worker_root": {
                                            "total": 1101.4776391999887,
                                            "count": 65613,
                                            "is_parallel": true,
                                            "self": 154.2359180000136,
                                            "children": {
                                                "steps_from_proto": {
                                                    "total": 0.0007047000000000025,
                                                    "count": 1,
                                                    "is_parallel": true,
                                                    "self": 7.699999999921658e-05,
                                                    "children": {
                                                        "_process_vector_observation": {
                                                            "total": 0.000627700000000786,
                                                            "count": 4,
                                                            "is_parallel": true,
                                                            "self": 0.000627700000000786
                                                        }
                                                    }
                                                },
                                                "UnityEnvironment.step": {
                                                    "total": 947.2410164999751,
                                                    "count": 65613,
                                                    "is_parallel": true,
                                                    "self": 3.9143823000110842,
                                                    "children": {
                                                        "UnityEnvironment._generate_step_input": {
                                                            "total": 22.300423899983237,
                                                            "count": 65613,
                                                            "is_parallel": true,
                                                            "self": 22.300423899983237
                                                        },
                                                        "communicator.exchange": {
                                                            "total": 889.6774851999945,