{"count":1,"self":223.2203008,"total":980.2124028,"children":{"InitializeActuators":{"count":9,"self":0.0010002,"total":0.0010002,"children":null},"InitializeSensors":{"count":9,"self":0.0020006,"total":0.0020006,"children":null},"AgentSendState":{"count":490451,"self":5.0755316,"total":36.8128397,"children":{"CollectObservations":{"count":441414,"self":1.1545866,"total":1.1545866,"children":null},"WriteActionMask":{"count":441414,"self":0.9422788,"total":0.9422788,"children":null},"RequestDecision":{"count":441414,"self":5.2321963999999994,"total":29.640442699999998,"children":{"AgentInfo.ToProto":{"count":441414,"self":2.3885672,"total":24.4082462,"children":{"GenerateSensorData":{"count":441414,"self":10.3462584,"total":22.019679099999998,"children":{"RayPerceptionSensor.Perceive":{"count":441414,"self":11.673420799999999,"total":11.673420799999999,"children":null}}}}}}}}},"DecideAction":{"count":490451,"self":714.09576959999993,"total":714.0957644,"children":null},"AgentAct":{"count":490451,"self":5.8614232,"total":6.0795078999999994,"children":{"AgentInfo.ToProto":{"count":3010,"self":0.0360148,"total":0.2180849,"children":{"GenerateSensorData":{"count":3010,"self":0.0790287,"total":0.18207009999999998,"children":{"RayPerceptionSensor.Perceive":{"count":3010,"self":0.10304139999999999,"total":0.10304139999999999,"children":null}}}}}}}},"gauges":{"SearchTarget.CumulativeReward":{"count":3010,"max":1,"min":0,"runningAverage":0.0551495366,"value":0,"weightedAverage":0.140379265}},"metadata":{"timer_format_version":"0.1.0","start_time_seconds":"1612593595","unity_version":"2019.4.17f1","command_line_arguments":"C:\\Program Files\\2019.4.17f1\\Editor\\Unity.exe -projectpath C:\\Users\\aaa\\Downloads\\Unity\\SaitSeekObj -useHub -hubIPC -cloudEnvironment production -hubSessionId 5ec2f3a0-6827-11eb-a6d3-69c35da9c97f","communication_protocol_version":"1.3.0","com.unity.ml-agents_version":"1.7.2-preview","scene_name":"TrainingArea","end_time_seconds":"1612594575"}}