{"cameraMode":{"drawMode":0,"name":"Shaded","section":"Shading Mode"},"sceneLighting":false,"audioPlay":false,"sceneViewState":{"showFog":true,"showMaterialUpdate":false,"showSkybox":false,"showFlares":true,"showImageEffects":true,"showParticleSystems":true},"in2DMode":false,"pivot":{"x":3.559999942779541,"y":0.75,"z":0.09999999403953552},"rotation":{"x":0.3197686970233917,"y":0.14280670881271363,"z":-0.04881943762302399,"w":0.9353993535041809},"size":3.1823525428771974,"orthographic":true}