{"cameraMode":{"drawMode":0,"name":"Shaded","section":"Shading Mode"},"sceneLighting":false,"audioPlay":false,"sceneViewState":{"showFog":true,"showMaterialUpdate":false,"showSkybox":false,"showFlares":true,"showImageEffects":true,"showParticleSystems":true},"in2DMode":false,"pivot":{"x":1.2240705490112305,"y":-4.216545104980469,"z":1.6358366012573243},"rotation":{"x":0.5137178301811218,"y":-0.14521467685699464,"z":0.08871210366487503,"w":0.8409145474433899},"size":7.76303768157959,"orthographic":false}