{"count":1,"self":48.853955199999994,"total":260.4470778,"children":{"InitializeActuators":{"count":36,"self":0.0019990999999999997,"total":0.0019990999999999997,"children":null},"InitializeSensors":{"count":36,"self":0.0020003,"total":0.0020003,"children":null},"AgentSendState":{"count":138883,"self":1.3893708,"total":10.482605,"children":{"CollectObservations":{"count":122444,"self":0.30607629999999997,"total":0.30607629999999997,"children":null},"WriteActionMask":{"count":122444,"self":0.28206749999999997,"total":0.28206749999999997,"children":null},"RequestDecision":{"count":122444,"self":1.4953606,"total":8.5050904,"children":{"AgentInfo.ToProto":{"count":122444,"self":0.6511501,"total":7.0097298,"children":{"GenerateSensorData":{"count":122444,"self":2.9177291999999997,"total":6.3585797,"children":{"RayPerceptionSensor.Perceive":{"count":122444,"self":3.4408504,"total":3.4408505,"children":null}}}}}}}}},"DecideAction":{"count":138883,"self":199.2748672,"total":199.27486869999998,"children":null},"AgentAct":{"count":138883,"self":1.7546237999999998,"total":1.8306506,"children":{"AgentInfo.ToProto":{"count":1208,"self":0.013004499999999999,"total":0.076026799999999992,"children":{"GenerateSensorData":{"count":1208,"self":0.034011,"total":0.0630223,"children":{"RayPerceptionSensor.Perceive":{"count":1208,"self":0.0290113,"total":0.0290113,"children":null}}}}}}}},"gauges":{"SearchTarget.CumulativeReward":{"count":1208,"max":1,"min":0,"runningAverage":0.5703639,"value":1,"weightedAverage":0.523510158}},"metadata":{"timer_format_version":"0.1.0","start_time_seconds":"1612610860","unity_version":"2019.4.17f1","command_line_arguments":"C:\\Program Files\\2019.4.17f1\\Editor\\Unity.exe -projectpath C:\/Users\/aaa\/Downloads\/Unity\/SaitSeekObj -useHub -hubIPC -cloudEnvironment production -hubSessionId 5ec2f3a0-6827-11eb-a6d3-69c35da9c97f","communication_protocol_version":"1.3.0","com.unity.ml-agents_version":"1.7.2-preview","scene_name":"TrainingArea4","end_time_seconds":"1612611120"}}