{
    "name": "root",
    "gauges": {
        "SearchTarget.Policy.Entropy.mean": {
            "value": 1.3956466913223267,
            "min": 1.3956466913223267,
            "max": 1.4193475246429443,
            "count": 10
        },
        "SearchTarget.Policy.ExtrinsicValueEstimate.mean": {
            "value": 0.8666203618049622,
            "min": 0.008609997108578682,
            "max": 0.8666203618049622,
            "count": 10
        },
        "SearchTarget.Environment.EpisodeLength.mean": {
            "value": 22.12904717853839,
            "min": 22.12904717853839,
            "max": 149.23636363636365,
            "count": 10
        },
        "SearchTarget.Environment.CumulativeReward.mean": {
            "value": 0.9990749306197965,
            "min": 0.006060606060606061,
            "max": 0.9995112414467253,
            "count": 10
        },
        "SearchTarget.Policy.ExtrinsicReward.mean": {
            "value": 0.9990749306197965,
            "min": 0.006060606060606061,
            "max": 0.9995112414467253,
            "count": 10
        },
        "SearchTarget.Losses.PolicyLoss.mean": {
            "value": 0.023053838646737858,
            "min": 0.01899870058347612,
            "max": 0.027835444322974655,
            "count": 10
        },
        "SearchTarget.Losses.ValueLoss.mean": {
            "value": 0.002681878375199934,
            "min": 0.0006047232689646383,
            "max": 0.028481078110635282,
            "count": 10
        },
        "SearchTarget.Policy.LearningRate.mean": {
            "value": 1.6504654498480003e-05,
            "min": 1.6504654498480003e-05,
            "max": 0.00028454160515279997,
            "count": 10
        },
        "SearchTarget.Policy.Epsilon.mean": {
            "value": 0.10550151999999999,
            "min": 0.10550151999999999,
            "max": 0.1948472,
            "count": 10
        },
        "SearchTarget.Policy.Beta.mean": {
            "value": 0.00028452584800000007,
            "min": 0.00028452584800000007,
            "max": 0.00474287528,
            "count": 10
        },
        "SearchTarget.IsTraining.mean": {
            "value": 1.0,
            "min": 1.0,
            "max": 1.0,
            "count": 10
        }
    },
    "metadata": {
        "timer_format_version": "0.1.0",
        "start_time_seconds": "1612585356",
        "python_version": "3.8.5 (default, Sep  3 2020, 21:29:08) [MSC v.1916 64 bit (AMD64)]",
        "command_line_arguments": "C:\\Users\\aaa\\anaconda3\\Scripts\\mlagents-learn --run-id=SaitSeekObj-1",
        "mlagents_version": "0.23.0",
        "mlagents_envs_version": "0.23.0",
        "communication_protocol_version": "1.3.0",
        "pytorch_version": "1.7.0+cu110",
        "numpy_version": "1.18.5",
        "end_time_seconds": "1612586458"
    },
    "total": 1101.8497588999999,
    "count": 1,
    "self": 0.006352699999752076,
    "children": {
        "run_training.setup": {
            "total": 0.007467200000000229,
            "count": 1,
            "self": 0.007467200000000229
        },
        "TrainerController.start_learning": {
            "total": 1101.835939,
            "count": 1,
            "self": 1.1135311999898931,
            "children": {
                "TrainerController._reset_env": {
                    "total": 8.0084042,
                    "count": 1,
                    "self": 8.0084042
                },
                "TrainerController.advance": {
                    "total": 1092.6649144000103,
                    "count": 63337,
                    "self": 0.5183476000152041,
                    "children": {
                        "env_step": {
                            "total": 1092.146566799995,
                            "count": 63337,
                            "self": 1008.5196762000152,
                            "children": {
                                "SubprocessEnvManager._take_step": {
                                    "total": 82.98380909999901,
                                    "count": 63337,
                                    "self": 2.4942875000000697,
                                    "children": {
                                        "TorchPolicy.evaluate": {
                                            "total": 80.48952159999894,
                                            "count": 55576,
                                            "self": 31.081144100007783,
                                            "children": {
                                                "TorchPolicy.sample_actions": {
                                                    "total": 49.408377499991154,
                                                    "count": 55576,
                                                    "self": 49.408377499991154
                                                }
                                            }
                                        }
                                    }
                                },
                                "workers": {
                                    "total": 0.6430814999809105,
                                    "count": 63337,
                                    "self": 0.0,
                                    "children": {
                                        "worker_root": {
                                            "total": 1094.6441334000035,
                                            "count": 63337,
                                            "is_parallel": true,
                                            "self": 154.85230219999391,
                                            "children": {
                                                "steps_from_proto": {
                                                    "total": 0.0015847000000004385,
                                                    "count": 1,
                                                    "is_parallel": true,
                                                    "self": 8.25999999998217e-05,
                                                    "children": {
                                                        "_process_vector_observation": {
                                                            "total": 0.0015021000000006168,
                                                            "count": 4,
                                                            "is_parallel": true,
                                                            "self": 0.0015021000000006168
                                                        }
                                                    }
                                                },
                                                "UnityEnvironment.step": {
                                                    "total": 939.7902465000096,
                                                    "count": 63337,
                                                    "is_parallel": true,
                                                    "self": 3.8884730000092986,
                                                    "children": {
                                                        "UnityEnvironment._generate_step_input": {
                                                            "total": 22.347062900013597,
                                                            "count": 63337,
                                                            "is_parallel": true,
                                                            "self": 22.347062900013597
                                                        },
                                                        "communicator.exchange": {
                                                            "total": 882.965750999993,