{
    "name": "root",
    "gauges": {
        "SearchTarget.Policy.Entropy.mean": {
            "value": 1.3738943338394165,
            "min": 1.3738943338394165,
            "max": 1.4184610843658447,
            "count": 10
        },
        "SearchTarget.Environment.LessonNumber.stage_number.mean": {
            "value": 3.0,
            "min": 0.0,
            "max": 3.0,
            "count": 10
        },
        "SearchTarget.Environment.EpisodeLength.mean": {
            "value": 119.83091787439614,
            "min": 64.78947368421052,
            "max": 119.83091787439614,
            "count": 10
        },
        "SearchTarget.Policy.ExtrinsicValueEstimate.mean": {
            "value": 0.37493452429771423,
            "min": -0.13283124566078186,
            "max": 0.6479369401931763,
            "count": 10
        },
        "SearchTarget.Environment.CumulativeReward.mean": {
            "value": 0.41304347826086957,
            "min": 0.41304347826086957,
            "max": 0.9432717678100264,
            "count": 10
        },
        "SearchTarget.Policy.ExtrinsicReward.mean": {
            "value": 0.41304347826086957,
            "min": 0.41304347826086957,
            "max": 0.9432717678100264,
            "count": 10
        },
        "SearchTarget.Losses.PolicyLoss.mean": {
            "value": 0.023005565317337946,
            "min": 0.0211551063550481,
            "max": 0.025892628351660583,
            "count": 10
        },
        "SearchTarget.Losses.ValueLoss.mean": {
            "value": 0.011158279534429312,
            "min": 0.011158279534429312,
            "max": 0.03207516652221481,
            "count": 10
        },
        "SearchTarget.Policy.LearningRate.mean": {
            "value": 1.6561774479440005e-05,
            "min": 1.6561774479440005e-05,
            "max": 0.0002845749051417,
            "count": 10
        },
        "SearchTarget.Policy.Epsilon.mean": {
            "value": 0.10552056000000003,
            "min": 0.10552056000000003,
            "max": 0.1948583,
            "count": 10
        },
        "SearchTarget.Policy.Beta.mean": {
            "value": 0.0002854759440000001,
            "min": 0.0002854759440000001,
            "max": 0.00474342917,
            "count": 10
        },
        "SearchTarget.IsTraining.mean": {
            "value": 1.0,
            "min": 1.0,
            "max": 1.0,
            "count": 10
        }
    },
    "metadata": {
        "timer_format_version": "0.1.0",
        "start_time_seconds": "1612592397",
        "python_version": "3.8.5 (default, Sep  3 2020, 21:29:08) [MSC v.1916 64 bit (AMD64)]",
        "command_line_arguments": "C:\\Users\\aaa\\anaconda3\\Scripts\\mlagents-learn saitseekobj.yaml --run-id=CurriculumLearning-2 --force",
        "mlagents_version": "0.23.0",
        "mlagents_envs_version": "0.23.0",
        "communication_protocol_version": "1.3.0",
        "pytorch_version": "1.7.0+cu110",
        "numpy_version": "1.18.5",
        "end_time_seconds": "1612595630"
    },
    "total": 3233.4709033999998,
    "count": 1,
    "self": 0.011072199999489385,
    "children": {
        "run_training.setup": {
            "total": 0.006687400000000121,
            "count": 1,
            "self": 0.006687400000000121
        },
        "TrainerController.start_learning": {
            "total": 3233.4531438000004,
            "count": 1,
            "self": 4.283234099998936,
            "children": {
                "TrainerController._reset_env": {
                    "total": 17.721232699999998,
                    "count": 1,
                    "self": 17.721232699999998
                },
                "TrainerController.advance": {
                    "total": 3211.391313200001,
                    "count": 61526,
                    "self": 1.2035203000464207,
                    "children": {
                        "env_step": {
                            "total": 3210.1877928999547,
                            "count": 61526,
                            "self": 3115.1335980998933,
                            "children": {
                                "SubprocessEnvManager._take_step": {
                                    "total": 94.26877140002784,
                                    "count": 61526,
                                    "self": 2.9007137999978028,
                                    "children": {
                                        "TorchPolicy.evaluate": {
                                            "total": 91.36805760003004,
                                            "count": 55821,
                                            "self": 42.91232870002071,
                                            "children": {
                                                "TorchPolicy.sample_actions": {
                                                    "total": 48.45572890000933,
                                                    "count": 55821,
                                                    "self": 48.45572890000933
                                                }
                                            }
                                        }
                                    }
                                },
                                "workers": {
                                    "total": 0.7854234000337499,
                                    "count": 61526,
                                    "self": 0.0,
                                    "children": {
                                        "worker_root": {
                                            "total": 3214.8890245000107,
                                            "count": 61526,
                                            "is_parallel": true,
                                            "self": 184.78908290001937,
                                            "children": {
                                                "steps_from_proto": {
                                                    "total": 0.0033078000000017482,
                                                    "count": 1,
                                                    "is_parallel": true,
                                                    "self": 9.3100000004398e-05,
                                                    "children": {
                                                        "_process_vector_observation": {
                                                            "total": 0.0032146999999973502,
                                                            "count": 4,
                                                            "is_parallel": true,
                                                            "self": 0.0032146999999973502
                                                        }
                                                    }
                                                },
                                                "UnityEnvironment.step": {
                                                    "total": 3030.096633799991,
                                                    "count": 61526,
                                                    "is_parallel": true,
                                                    "self": 7.046024100047362,
                                                    "children": {
                                                        "UnityEnvironment._generate_step_input": {
                                                            "total": 23.565575599977826,
                                                            "count": 61526,
                                                            "is_parallel": true,